,USD,BRL,ZAR,TRY
2020-01-01,-0.0016690520267479499,-0.00588371348934293,0.0049194539653820285,4.4398702275007804e-05
2020-01-02,0.0033084620580705183,0.0013238874103088526,0.008129856634463029,-0.005068173469381873
2020-01-03,0.0009044217431181667,-0.0069848538269928866,-0.000772902034420314,-0.005876638242905786
2020-01-06,-0.0005716686536330077,-0.008851442044115074,-0.00509814482954875,0.0003323369977311404
2020-01-07,0.0010448066899411794,-0.0016213601542937855,-0.008093962122165514,0.015794932873516077
2020-01-08,0.0020788955447018378,0.004904964984032882,-2.400714994628193e-05,-0.0008942500133748655
2020-01-09,-0.0007346276699906126,0.0017498857721636007,-0.004128455927319071,0.006282993865201321
2020-01-10,0.004788233131415826,-0.021203096777265264,0.004313266384338628,-0.0171227018295588
2020-01-13,0.0016161415211942813,0.010550290268174903,-0.027416985191163458,-0.04192819796186656
2020-01-14,0.001714576072899369,0.025334533645779117,0.0015321401353828397,-0.019054867425613478
2020-01-15,-0.002391409856260347,0.017765899623541373,0.0011810760324426227,0.002946476437492703
2020-01-16,0.006886448188296342,0.007734660442105145,-0.004282708077176009,-0.023335630101630485
2020-01-17,0.007433684420440221,-0.03322257988938137,-0.0037273712197104323,-0.007567091553693998
2020-01-20,-0.0004801257545691693,0.021948883344742445,0.01032280038597438,0.0015514728012892905
2020-01-21,-0.0060998859596033995,0.006556245563622979,-0.011589222028166488,0.03243578337221585
2020-01-22,-0.0002459311596533242,5.664852512406175e-05,-0.004864708298281167,0.002385970307238389
2020-01-23,-0.0008379265851260767,0.02786474499744087,0.0013757584478430464,-0.023482112529783356
2020-01-24,0.0008553483610353281,-0.008879884561494092,-0.013144356101240274,0.003022858050694462
2020-01-27,0.004630075301270542,0.020935865774905825,-0.03846248740445403,0.014808770732290059
2020-01-28,-0.001785455672556971,0.023028221789415947,-0.020112592285906714,-0.0017709236407760665
2020-01-29,0.003969715091453365,-0.007512192835203475,-0.005416433571399057,-0.028862379241658243
2020-01-30,-0.00027507217979273773,-0.015270438388183455,-0.028719989692429143,-0.00032787817411752854
2020-01-31,-0.0009476570020724969,-0.005980655151443942,-0.001518496760354911,-0.002974772940899456
2020-02-03,0.00012141618693888086,0.006015480270755754,0.004118368916909224,-0.0005500033906238224
2020-02-04,-0.003541803223759388,-0.0042181426312848345,0.0076099016719731035,-0.0012868475613378723
2020-02-05,0.004903438141952241,-0.010150661861015878,-0.008523507627481407,0.01329374533506275
2020-02-06,0.007921746919741957,-0.008115225425592615,-0.01861408424491265,-0.008289757110538863
2020-02-07,0.0005265181130136787,0.003859177739663704,-0.0003503002161596383,-0.03958022436172025
2020-02-10,-0.002831317568889038,-0.022405025007156784,-0.0039211986720787155,-0.005288741885755953
2020-02-11,-0.0034773457267044962,-0.017822454728608914,-0.02016977418551815,0.018762682866599774
2020-02-12,0.0024255789053369177,-0.03750978595032408,0.004094718081256198,-0.025433245582372054
2020-02-13,0.004134050918921864,-0.024882414011011506,0.005474860525931635,0.014705683604008785
2020-02-14,-0.0002903816112850944,0.008360908185460408,-0.0049660724487192555,0.019784494186771723
2020-02-17,-0.0010432818341445582,0.0006999866006579229,-0.0013660470171722285,-0.002411593047500525
2020-02-18,-0.0014807168980917312,0.014760184383340022,0.03328433926733278,0.030472787745987946
2020-02-19,0.0016915290796023963,-0.024395832106402955,-0.01771531277464476,0.023049130092581468
2020-02-20,-0.005778612523975064,-0.038368918450666104,0.0014537327430087967,0.015724282745979708
2020-02-21,0.00024009230985582765,0.009614528488988361,-0.002578910264631588,3.875108869652293e-05
2020-02-24,0.003553244276906446,-0.0006399887202317604,-0.02503664760973961,-0.028642326611705144
2020-02-25,0.0011326574841331047,0.008951959920146212,0.002405095901644736,0.01743606444355757
2020-02-26,-0.002457332688006095,0.017501505880402255,-0.016931502934900762,-0.035835879191028486
2020-02-27,-0.0031159131979781904,0.022428633862639446,-0.004243486473855141,0.01466342899801493
2020-02-28,-0.006257146294110078,0.013976937106576838,-0.009045218967749,-0.024628213999615886
2020-03-02,0.0033092316708876806,-0.0057595872725292605,0.007611711904583594,0.018477269534456303
2020-03-03,-0.00033196993655885905,0.008459943642287986,-0.006940312363120494,-0.007105422508126488
2020-03-04,-0.0035737032911424974,-0.007539392157427106,0.002571671635203664,-0.01848499149633681
2020-03-05,0.0041643105692384715,-0.03365195250447367,0.00814798430405549,-0.0233250350387009
2020-03-06,-0.0030785336072770473,-0.01604171862329971,0.005690746168321911,0.03556415458101672
2020-03-09,0.0022887809335348512,-0.034273164019315364,0.00781392116190313,0.006256014874081283
2020-03-10,-0.006530304654358555,0.00648742445249604,0.011610934629575489,0.016059211958136047
2020-03-11,0.0022457753182994387,-0.008401581948351658,0.021510770733456704,-0.0041757483887298625
2020-03-12,-0.003285586418779031,-0.01990491346440138,0.00211108078575496,0.008106559572550789
2020-03-13,0.0032110928900825845,0.017083129904565543,-0.002192923079065088,-0.032278027787465885
2020-03-16,0.0026593733570362925,0.017203468394280268,0.006477801185230556,-0.004555687889442426
2020-03-17,-0.007872036982350651,-0.0010300680072004031,-0.017203542806493527,-0.013317244213852877
2020-03-18,-0.006498780262238908,-0.006876809368377895,-0.002700085745447406,0.02615637787521224
2020-03-19,0.0012375992291922453,-0.002974596258563984,0.008218481656441042,-0.005770450978011209
2020-03-20,-0.01266285565060723,-0.013980802647320673,0.0057286302541162395,-0.0037728570378933093
2020-03-23,-0.0070947841428631725,0.022399219533112386,-0.01828408562561098,0.010506981765741224
2020-03-24,-0.002089898383558761,-0.017419535033952955,-0.0001479236332222625,0.025220694433074915
2020-03-25,0.0008642318839171115,-0.0021141663077812595,-0.008141264324195947,0.022418797455098203
2020-03-26,0.007851488748600283,-0.017415604378587288,-0.02189630910880228,-0.012946668747415407
2020-03-27,-0.0007472530039838529,-0.006548640592469299,-0.010292569907310336,-0.03463483518274772
2020-03-30,0.0011427134425196564,-0.014078691756210687,-0.029608898870495757,-0.035844082669718474
2020-03-31,0.004261982474869935,-0.006021946352206677,0.0018886052652004397,-0.04088394657078859
2020-04-01,-0.001300472698544917,0.01909502646608293,0.006313267025742976,0.002603491554270113
2020-04-02,-0.00030275302686090207,0.013568300468707706,0.010638621946908611,-0.04912368563330761
2020-04-03,0.001746373532510527,0.015464279339974456,0.010598562191082081,-0.01738785455403336
2020-04-06,-0.0005533570575274752,-0.0023302016397056605,-0.019708652779137713,0.012697865490202662
2020-04-07,-0.0043954243975504355,0.021987699259919814,0.0010639710942010338,-0.0082085312528908
2020-04-08,-0.001100686440533227,-0.0022883477506120283,0.018408888252157654,0.01813827544547185
2020-04-09,-0.001614673171276583,0.002077420418616046,-0.005970096963769522,-0.040352991961502695
2020-04-10,0.003921523361731832,-0.010318948545717558,0.003922723660068178,-0.02293816520526691
2020-04-13,-0.0006228906770168061,0.012551685939550822,-0.011678167324853501,0.014681435936284536
2020-04-14,0.004758692767837461,-0.005445721631838779,-0.03992295570302114,-0.002909178239196253
2020-04-15,0.0014049087051585154,-0.0018144916358389448,0.006734125884182198,0.00023229587531319024
2020-04-16,-0.0025738653606108574,-0.007941171103658292,-0.007137498466585793,0.014309108168338846
2020-04-17,-0.0004453237615247593,0.00359524700651495,0.0125953896827041,-0.003116396043161797
2020-04-20,-0.0004378830207771844,-0.001646280603232439,-0.004733739200059556,-0.0034085962438975947
2020-04-21,0.0023266041978007284,-0.0046039665911393295,-0.003183126921365996,-0.00016759795078468158
2020-04-22,0.0001462961250561567,0.0006640384112777539,0.0006821376008673833,-0.003577567520035785
2020-04-23,-0.002432622148923734,-0.00217818032836793,0.008995245396461524,0.0029246683667479402
2020-04-24,-0.0029584362197957893,0.004449591480492876,0.014216019606897716,0.011740845849309584
2020-04-27,-0.002265970240602028,0.008043090590800725,0.0029440431263949057,0.008425938862758331
2020-04-28,9.158650273708166e-05,-0.00334281085898353,0.0009758501025103202,0.007502275386478673
2020-04-29,0.00010706981791794294,-0.008197526038697733,-0.002582518445362895,0.0018847386144446557
2020-04-30,-0.0010497992717322707,0.0020036356437265566,-0.012872709534783007,0.004548461811510305
2020-05-01,0.0018375522660498181,-0.007805221633490173,0.005379977938993308,0.0003436188040850056
2020-05-04,-0.0013003006789249745,-0.00025311892833015123,0.0018537615368759417,-0.0032594705540695927
2020-05-05,-0.00727612904498646,-0.0026472882740128903,-0.006533330345766654,-0.007177804816348296
2020-05-06,-0.0003205519648321006,0.002626689507530991,0.0014159508605511933,0.005337839279536896
2020-05-07,0.00013739992963787673,0.0006081922745045874,0.0032540063307142856,0.0055383004525210895
2020-05-08,0.006913468865052457,0.012262632299053491,0.020735228266881255,0.0016304863658466783
2020-05-11,-0.0008413573311136748,-0.026967578236718807,-0.02844052373804779,-0.030266726291284546
2020-05-12,0.00030447959928584347,-0.01842203462108191,0.02729518569162514,-0.01534706850286031
2020-05-13,-0.002019758611418643,0.00018257127571122335,-0.000931682490455653,0.023015872275504494
2020-05-14,-0.003375117469786304,0.03637160848486329,-0.008442654692988974,-0.028760857389992123
2020-05-15,0.0012902294065195807,-0.011569807816777647,-0.0019446262232125637,-0.031842048153174256
2020-05-18,-0.0020748805919174784,-0.014031703018101738,0.003467745635255455,0.03550129621520986
2020-05-19,0.007219526286670696,-0.019364903022493656,-0.01946227781638505,0.026223406730844293
2020-05-20,-0.0004696802662048819,-0.022772680281999857,-0.012046189632729817,-0.029067226581592547
2020-05-21,-0.0002428306557437989,0.009488900984922395,-0.016366209282548064,0.027301819465756633
2020-05-22,-0.0005555499440408197,0.00046621126647694295,0.009032070470815898,-0.013375518016733118
2020-05-25,-0.0005893422560351013,0.01738534548267743,-0.019726393697735458,-0.01893460646239264
2020-05-26,-0.0020298225605102447,-0.008513398155220382,0.016626224052450452,0.015195466939157798
2020-05-27,-0.002004176484806866,0.006346724437825742,0.023687637106831066,0.03767932459846855
2020-05-28,0.0002955578105199947,0.0036012901095903486,0.008439921013884511,0.05832791885852095
2020-05-29,-0.0017002132720715438,0.0041111651770592275,-0.029601021804888474,0.0005243686832402132
2020-06-01,0.005262958397482853,-0.008745393491997253,0.01827588173724287,-0.01327409511572098
2020-06-02,0.0054187200968376144,-0.0038474214085158992,-0.00035029845452864793,-0.018690326945538828
2020-06-03,-0.007570514064750901,-0.004349448940629629,-0.013073594366610626,-0.0034757607043654462
2020-06-04,-0.0031633594188688226,-0.014755835276329453,-0.030647402141435045,-0.004966164802995285
2020-06-05,-0.0006691686668721215,0.025331252304643132,0.006716111375734972,-0.029967843137957362
2020-06-08,0.004567791023900496,-0.015546091682987552,0.0013415067617961875,-0.004997661224933538
2020-06-09,9.360931456250382e-05,0.0029465116945130592,0.006038168129205879,-0.030261303489318284
2020-06-10,0.006763810162219367,0.018466289172416807,-0.006691893813879727,0.0018605616588191222
2020-06-11,-0.004364568064641983,0.01030247678565494,0.00035471787824586834,-0.01024801977699997
2020-06-12,0.0013791599204851,0.004731590530199936,0.004073768092583563,-0.016737457587313653
2020-06-15,-0.004560441877699371,0.017366056344657876,0.00037724704473784726,-0.017935430721830365
2020-06-16,-0.002741204352319678,0.004947297447701198,0.003957577957112889,-0.014038257073912642
