,EURUSD,USDJPY,UST10Y,CRUD,SPX500
2021-01-01,1.15,110.0,4.2,85.08,4500.0
2021-01-04,0.0006725805570743,13.993976536508104,8.3702481508587,139.9207404833565,7872.992572944105
2021-01-05,0.0006214954977853,14.80846953517962,7.918329905175215,131.2998714104924,8566.725360617545
2021-01-06,0.0005243719965529,17.070955405891787,8.598645178014392,157.36357366813132,9140.595154194134
2021-01-07,0.0005452053696909,15.18526847494606,7.909543181471089,152.519609163613,9554.396957539446
2021-01-08,0.0005811316910119,15.484040439011965,8.780925733088187,174.61622980576465,9421.431014569333
2021-01-11,0.0005704898345437,15.493904848926636,7.284817425721678,140.5532025284494,8098.837644068109
2021-01-12,0.0006033591862902,14.242787046995048,7.8838713377727005,144.6906089153604,8638.491358824476
2021-01-13,0.0005279981397471,12.968101718229397,7.246619869130166,116.35202043590564,9042.409150629335
2021-01-14,0.0004276142074304,13.530382646166442,7.604549774533939,126.7944501504588,8988.666097092933
2021-01-15,0.0004824913781916,14.062757400911304,9.008606041759892,156.23318327226474,10252.482022994756
2021-01-18,0.0004186660150731,17.120163196703526,10.92031788191563,185.2905261922511,10890.427039488555
2021-01-19,0.0004446768199366,16.400430636315146,13.869108461754903,167.2603260896231,9727.781460001184
2021-01-20,0.0003969145506123,15.106278204147651,10.825281547294326,164.83260072426145,9263.037233545883
2021-01-21,0.0004256646451036,16.733950272838733,11.186473950833156,137.13417938483934,8193.194302946049
2021-01-22,0.0004346121058974,14.912865054063564,11.436168179366671,129.9693335449322,7548.362829256412
2021-01-25,0.0004315514768499,14.72878903781001,9.923013702734664,119.44791874799633,7465.504680895014
2021-01-26,0.0003531795011174,11.319748170712243,8.703839797010673,115.32295779623192,6639.741750799646
2021-01-27,0.0003272470995262,11.01761085005251,7.719384352392015,115.3986963338226,6252.134317724693
2021-01-28,0.0003831621930876,11.60729717173468,7.285059752155002,125.958736978702,6690.96612409909
2021-01-29,0.0003992627701945,9.677655574495326,6.384138673508904,110.59250888244588,6311.1835967647385
2021-02-01,0.0003809917321634,9.003347076755583,7.2030271934265,100.17344828429344,6135.206710463641
2021-02-02,0.0003787189724638,9.698025727708602,8.049872658174962,87.65320828652361,5814.868244964883
2021-02-03,0.0004068767987984,9.62422542238332,9.15529039402712,80.83730946325889,6328.4860831371225
2021-02-04,0.0003313195689035,11.721690179774518,10.51210128198032,74.58442919530569,5809.638953515496
2021-02-05,0.0003273097602214,12.776000402313835,10.226112228975667,77.33474698699085,6195.174104354724
2021-02-08,0.0003235414023836,12.657765132843332,9.86093455352835,83.21673602151654,5387.943903426435
2021-02-09,0.0002850575491697,12.339548777330842,9.507667189222516,85.88935050687815,5110.902894926143
2021-02-10,0.0002436472919159,13.851648563973315,9.891738275729749,77.05135587745457,5452.654188507519
2021-02-11,0.0002791432993184,13.528694602398394,9.692601233097314,83.19126802033168,5889.328818151072
2021-02-12,0.0003122410635889,14.123435257928172,8.031498784749171,91.06995470799976,6799.189832035951
2021-02-15,0.000291902257222,11.94378309112855,8.622362279110495,96.21211462330528,7123.169302910227
2021-02-16,0.0003072980288731,13.349673887223696,8.308163935505096,101.62874471398924,5667.792916636817
2021-02-17,0.0002932479275469,12.641971509147762,7.514263091815695,114.3577992244686,4956.721787584915
2021-02-18,0.0002934093443393,12.304493062344914,9.37723091059347,107.49106964014524,4094.5816129170703
2021-02-19,0.0002667379741011,12.169846126155289,7.125527420521974,109.1738264999752,4108.67745588641
2021-02-22,0.0002401830987568,13.019929094310449,8.350193048096287,112.5796457224449,3409.848742703544
2021-02-23,0.000221037156285,12.82730092460132,7.9727639868449955,121.44318281729544,3571.114779207266
2021-02-24,0.0001751122026266,11.475857617291478,7.495119525695368,95.44320032394344,3302.450698679267
2021-02-25,0.0001757371034251,10.665754281307068,6.902844851299647,101.2669854674862,2729.5053534711706
2021-02-26,0.0002090731245976,10.35998733494774,7.483479710178368,126.11031393704046,3059.5468353365845
2021-03-01,0.0002146929162108,10.284291855442248,7.765649723643483,126.97960597815204,3362.4112132610308
2021-03-02,0.0002235539326158,11.35889450520532,9.515345551717283,143.00692507593678,3565.7065525612365
2021-03-03,0.0002069563938122,11.76339089502216,9.235462643009855,120.576471036564,2519.1581604769303
2021-03-04,0.0002192500075191,14.238449091400804,12.160354000583991,124.7865919640249,2357.897325483747
2021-03-05,0.0002171292990042,12.99892896631098,11.818071223042493,112.45956546738276,1520.3475996498528
2021-03-08,0.0001967506679372,10.896008232383023,10.622478790424909,107.07786534855666,1444.7440839782598
2021-03-09,0.0002348743878344,12.110665566490033,11.499645318717503,113.46810531764174,1512.5387345426234
2021-03-10,0.0002620680999555,10.923752138213596,11.683753856961705,114.505163835087,1667.6438464260414
2021-03-11,0.0002649400603616,10.78829200921598,11.51518092491566,98.72277057614856,1922.158558034692
2021-03-12,0.0002701455477457,9.35723152534736,12.284120029553556,98.9641296693481,1851.3169742350049
2021-03-15,0.0002105351816833,8.543158021034637,11.5764549110809,99.0102725431152,1679.8335265970852
2021-03-16,0.0001924159331402,8.077195386704023,10.69830305928787,100.66653140366168,1861.223567501588
2021-03-17,0.0001921472388034,8.238749731236089,9.89494337973278,96.6066971671346,1971.7917389287368
2021-03-18,0.00018538654368,8.885818572238776,10.231922299352243,102.34399162125295,2184.024543103026
2021-03-19,0.0001994513386915,7.379507616369834,10.394772928932888,103.22809623128938,1646.751376383387
2021-03-22,0.0001571050353781,7.294834378167308,9.604165783236294,98.9213156373548,1859.472485874481
2021-03-23,0.0001333270156483,7.967331978860932,8.390030101389426,106.83558471919775,1923.640077618836
2021-03-24,0.0001238970822613,8.366084891092417,9.367187013884532,108.33826089418336,2009.141825024217
2021-03-25,0.0001155217783766,7.464940904779376,9.440284614281628,113.27523967738092,2054.933374162299
2021-03-26,0.0001235993020417,7.164719868731986,9.650754587099875,111.47364312226306,1976.4055504407224
2021-03-29,0.000143556797341,8.004446667158135,9.910569642120798,115.32456962714696,2090.1640150217186
2021-03-30,0.0001525991113657,7.852826956269427,8.942041656025289,111.18168020911632,1949.7777638087584
2021-03-31,0.0001575631949595,6.761980147842202,8.92546760748861,105.04695837087904,1900.28077408801
2021-04-01,0.0001742786375607,7.477344512099076,9.402355998822966,116.40076299127624,1937.336340775055
2021-04-02,0.0001698902990597,8.520478086940479,8.708353158922241,117.47363777695324,1784.1239291910497
2021-04-05,0.0001716859116322,8.040329828842577,8.653884061485149,121.52642970581624,1855.587587195964
2021-04-06,0.0001657720494569,7.283243550789855,8.422220871403802,108.01482138174232,1657.8454727329035
2021-04-07,0.0001842715282706,8.86094736069764,9.261754150023071,116.48490070058432,1869.8659162485717
2021-04-08,0.0001782933647019,7.34280523832464,9.635943581325272,118.78639638715298,1780.4923349017083
2021-04-09,0.0001844478982532,6.839893040767636,11.046276666782736,132.79083277016713,1818.2569470014028
2021-04-12,0.0001860200585135,7.492740339035364,11.595973574685656,137.43839187226948,1785.4893800739803
2021-04-13,0.0001637837902656,7.600752641870003,11.138426651149077,145.09227133113853,1623.7903400473383
2021-04-14,0.0001796659340153,8.521225872585518,11.75986120861335,137.39435330939733,1678.9773102829477
2021-04-15,0.0001749760047107,8.155387769950035,11.088687275985048,123.27818472157357,1675.3832841800438
2021-04-16,0.0001729020794894,7.60864715889491,9.79540932491055,113.87560142801884,1409.596549136839
2021-04-19,0.000168705413069,7.651337294000729,9.65762117790734,112.8958872682416,1432.292140316834
2021-04-20,0.0001750167248548,7.506542231166528,8.969296350852973,110.36543245572253,1379.6682856554598
2021-04-21,0.0001704618671495,7.095954801718597,8.460201404835534,111.069894726859,1401.449652314163
2021-04-22,0.0001935312206321,7.085688365013874,7.82862337095506,114.42496509038432,1427.3948019323982
2021-04-23,0.0001891312255209,7.087820666080802,8.032107884475543,107.20531765921156,1210.143901771487
2021-04-26,0.0001450311059295,6.310798280187226,7.382575164567806,94.46712679005816,1103.7158202729304
2021-04-27,0.0001437203420357,7.041763289802004,6.93035762820356,105.94255526376728,1111.8338327211686
2021-04-28,0.0001588907824363,7.454419498465485,7.318852679427633,112.1816055282262,1230.146969882819
2021-04-29,0.0001755236424884,7.695389685789221,7.539935975454427,126.2153693467888,1237.7048939918222
2021-04-30,0.0001617879144681,7.206100069737856,7.358518773514228,121.7172053411372,1244.2004751428058
2021-05-03,0.0001668499374035,7.266689435928627,6.982037404563504,121.56108171914288,1186.5532823351186
2021-05-04,0.0001701569963609,8.245997662421807,6.839592470638866,112.62724342007566,1190.7107360999748
2021-05-05,0.0001966051244734,8.231425519555188,6.704672654843381,118.22553776723608,1254.3997570406414
2021-05-06,0.0001867024155453,8.452403480649819,6.165948802961907,110.00674897254194,1154.6071591780203
2021-05-07,0.00018195466491,8.204109702291609,6.359750754041288,102.34929485637451,1151.7583472076626
2021-05-10,0.0001844825506613,7.478594435424653,5.823614749505319,98.75229890333374,1203.1457503910287
2021-05-11,0.0001598184516872,7.232584078390752,5.831884222618079,89.49406760184871,1240.4292838356928
2021-05-12,0.0001467232362928,6.721456162928185,5.976325394355278,85.53346134247543,1282.4568852416746
2021-05-13,0.0001533869374424,7.051454458465577,6.316421711821016,86.26214696052557,1383.7809222490037
2021-05-14,0.0001597619635744,6.7577840224722046,6.937106527687859,84.86838009819418,1370.9536070203123
2021-05-17,0.0001709306060803,6.364314083343313,7.220319146853133,88.72589784573948,1346.8783970320037
2021-05-18,0.0001799081068277,5.872516477579173,6.899847441178302,83.68239145882141,1215.3196313959195
2021-05-19,0.0001804695903111,6.034087119394455,7.213129142335887,88.85296085680628,1269.7428309378654
2021-05-20,0.0001894803478673,6.315027465904696,8.34788250565894,94.66896749702082,1286.2339666373782
2021-05-21,0.000204557960035,6.592525783240105,9.283101633993994,89.95743976844284,1254.341518935677
2021-05-24,0.0001793437326157,6.158744413482328,8.391086548999196,83.24233180116248,1132.121905946145
2021-05-25,0.0001936409382271,6.814223076962641,8.662562825849278,84.22236962105809,1230.2785631323611
2021-05-26,0.0001836456377055,7.526617467522447,8.265431745630337,91.02658622720534,1252.8904405377446
2021-05-27,0.0001670678361186,7.101260330127294,7.399851545460875,82.85615990491058,1265.932121493685
2021-05-28,0.0001615810711553,7.004872901649689,6.717463634529871,78.4166370447404,1213.0075968438084
2021-05-31,0.000143228268843,7.191505261636551,5.987810284357293,72.91581464267233,1233.4554419386304
2021-06-01,0.0001373226964138,7.065096459692598,6.202136541243311,71.33672453205033,1384.8891264657163
2021-06-02,0.0001415849957769,7.443802174201681,5.943415063230021,68.58676954933651,1331.7955533493512
2021-06-03,0.000144486036739,7.41095784302943,6.174355764842565,69.36753564648654,1240.6703806444868
2021-06-04,0.00014201186127,7.684100390593056,6.049318528346313,70.62454699250999,1312.3411617866625
2021-06-07,0.0001491047991135,8.404409692434978,6.120902218161025,79.15985364536044,1493.328206093575
2021-06-08,0.0001572127438025,9.325109369613685,6.128106873195662,82.46326836853768,1579.1639550147831
2021-06-09,0.0001706740316005,10.04971446819376,6.872776971394133,78.60918070956569,1667.5475702756385
2021-06-10,0.0001625009989058,9.00936520323934,6.707470434203755,74.14964191745551,1724.0721725207188
2021-06-11,0.0001444698614317,8.445064608223786,6.200983419598567,63.87505708786094,1567.4022038157846
2021-06-14,0.0001283098535218,8.562538253135159,6.371504653968987,65.83903364416543,1498.253944554266
2021-06-15,0.0001438885697171,8.974898706873164,6.298484436757424,69.81680540728765,1605.6094715643546
2021-06-16,0.0001447895823648,9.739814433818438,6.388228543878849,72.73672737671389,1610.2355730286406
2021-06-17,0.0001466361862154,9.914768930504774,6.515360362025001,81.18915783227746,1611.7505600397124
2021-06-18,0.0001562532791384,9.847004742133633,6.916067054319723,80.07109455643442,1644.4011407308058
2021-06-21,0.0001471530582139,9.07549163901459,6.539845611407713,74.56374274175514,1590.2800090810986
2021-06-22,0.0001402651768613,8.825113667383539,6.72091618872975,75.88630008967796,1524.5770901234462
2021-06-23,0.0001292950344033,8.181861737363485,6.071130158328469,72.72753788021951,1502.353385109323
2021-06-24,0.0001223763216591,7.407527760309547,5.746481148303379,73.06283706847488,1307.3065098914396
2021-06-25,0.0001291359148458,7.298965526554954,5.995131081783344,75.3245567452705,1310.7125378938954
2021-06-28,0.0001327293801758,7.789745454401798,5.755900329503399,75.53790728479524,1364.4895838973723
2021-06-29,0.0001428243554027,8.695248258179067,6.092805835963142,81.88905728622662,1407.9003068710035
2021-06-30,0.0001469461699907,8.11524927934303,6.365099277030983,81.46442919721373,1439.1869587088038
2021-07-01,0.0001372445067005,8.206765519270826,6.081307146355289,83.40860830818946,1477.0594387471192
2021-07-02,0.0001364182996386,8.75740709565682,6.148216231954527,88.52797625176147,1518.964883501791
2021-07-05,0.0001433072480691,9.175373422125745,6.420127759791491,87.0067659313659,1616.7441470767833
2021-07-06,0.0001384759855506,9.526684296432862,6.693736917554684,80.68272276024717,1612.543201079839
2021-07-07,0.0001261158774312,9.139325002816916,6.567485916711237,73.11375852355376,1619.0931268205345
2021-07-08,0.0001278937216701,9.22333091344069,7.052236287113889,75.35219333040642,1615.4902967011385
2021-07-09,0.0001249742933582,8.827811712924504,7.13249651429172,73.55338318241499,1571.3362768390716
2021-07-12,0.0001188114186019,8.84328879229956,6.7115971258196,72.2447473196567,1508.959983955301
2021-07-13,0.000118891201105,8.621642625394475,6.512665238932727,72.09172789310905,1523.466887532259
2021-07-14,0.0001184778137299,8.623976556479702,6.639920949486259,68.06690312494065,1468.974566829242
2021-07-15,0.0001159096798714,8.844010756662708,6.353885596037267,66.3315263994512,1436.3326935015743
2021-07-16,0.0001102053416093,8.741848982999791,6.416830137655353,64.33586681845412,1309.2910151562971
2021-07-19,0.0001070800404565,8.648320044962219,6.266908769687781,66.20326772505692,1276.7775856373291
2021-07-20,0.000112999123744,9.66074046954733,6.329851101237926,73.82963768204759,1294.1179749248647
2021-07-21,0.000103184894615,9.599994520428982,6.7714221701504975,73.52790080117522,1298.993611004477
2021-07-22,0.0001012692908336,9.85403510545604,6.572860378567579,76.99660531969151,1336.3032198714309
2021-07-23,0.0001165225681052,10.212930716331694,7.005077811628374,76.55265383062428,1413.5033805391015
2021-07-26,0.0001174005699626,10.482631216856497,6.8593895924830415,77.46703471328591,1427.949539696598
2021-07-27,0.0001149743097899,10.622409784701496,7.134493331734759,77.59228377662056,1470.415689477897
2021-07-28,0.0001140010662693,9.908393595245274,6.938472150740347,74.12570931441951,1490.3195005736343
2021-07-29,8.225142840001652e-05,7.0031867490218405,8.456375763385678,52.398036198582965,1938.3652627526544
2021-07-30,8.010879248170497e-05,6.987040283857868,8.251455073913796,49.00410212295936,1821.0488533431253
2021-08-02,8.33282226973546e-05,6.923361916766514,8.599393349941424,46.965997539384055,1793.4233451400055
2021-08-03,8.041670732795159e-05,6.7468855008665285,8.24260376572515,44.87742312645992,1806.2222231224928
2021-08-04,8.18230071403507e-05,7.113699435850008,8.506824681982975,46.83007902652383,1875.0080000345213
2021-08-05,7.925532797590753e-05,6.740795296486716,8.083088716967303,44.808701918254926,1839.24084085914
2021-08-06,7.95311067815875e-05,6.600152559301409,8.074062945746729,44.39378768853594,1780.0154120896862
2021-08-09,8.464370971184684e-05,7.1169188621385135,7.865448203361247,44.12080242461629,1758.071491601325
2021-08-10,8.468706829889404e-05,6.955097084652051,7.479473943318326,44.75758752452334,1755.6841222819871
2021-08-11,8.434000179534149e-05,6.897935069221476,7.09955374840656,44.18239235309053,1718.4175340981624
2021-08-12,8.463365040259593e-05,7.386118659177729,6.846521885109885,45.82193629561725,1810.3547463274645
2021-08-13,8.178643137127825e-05,7.320176019745193,6.540191221210713,46.35542117008788,1833.5683267211784
2021-08-16,8.149336006412084e-05,7.302487253499936,6.545055788635638,46.91059431272114,1771.669029066182
2021-08-17,8.131971287446777e-05,7.444746416964273,6.569502396653913,42.66749719933498,1882.3715530594156
2021-08-18,7.645759069616188e-05,7.131748645256812,6.105437373869813,39.16272369878457,1826.7339547242436
2021-08-19,7.650495973724429e-05,7.263984983742509,5.812825995203001,38.50944762741239,1966.000397680731
2021-08-20,8.307026405199124e-05,7.759423946029479,5.966144548119713,37.958409022625055,2229.578963112412
2021-08-23,7.700527300008639e-05,7.781316734757331,6.124809666629453,37.10015500434926,2254.970235067769
2021-08-24,8.201442200125252e-05,8.108316068977512,6.257834468837142,38.26443488582655,2274.417321068745
2021-08-25,8.16221562998827e-05,8.451644949113973,6.329672324070232,37.17144817941595,2355.7423815192856
2021-08-26,7.817223523241381e-05,8.06181459837448,6.786864112309306,37.71411009001503,2406.0007539824774
2021-08-27,7.916457646907726e-05,8.409548002031265,6.930946990773177,38.30372360932881,2520.733095058032
2021-08-30,7.229930198307161e-05,7.710986682885937,6.870835537574287,36.081296763893775,2456.795060044079
2021-08-31,7.36343918401318e-05,7.618156469344472,6.927751173645585,36.12553510783849,2407.8405464608527
2021-09-01,7.184248875376016e-05,7.460389452162111,6.917877645911223,35.660767574302106,2420.368703896976
2021-09-02,7.141458949868182e-05,7.553620947070846,6.872451608007694,37.15615663161822,2399.139208498448
2021-09-03,7.339221386562838e-05,7.538263494329882,7.133468171521084,37.39380662735174,2439.394996951782
2021-09-06,7.620396668370134e-05,7.915262789490396,7.677022142220925,36.44005627000163,2440.284107754103
2021-09-07,8.010713173938475e-05,8.261553052451376,7.905076465862134,37.53705193908852,2567.90163957804
2021-09-08,8.213639544807179e-05,8.761808557425267,8.049742862691767,36.692397106675045,2532.198515317897
2021-09-09,8.366050616470644e-05,8.934646562755313,8.249230792978674,37.613294100469815,2548.8859799548086
2021-09-10,7.916100924546905e-05,8.295590370990285,8.179558656045124,37.91831499358196,2517.286450208881
2021-09-13,7.733388281317353e-05,8.376123272540571,8.570807407710422,35.87115358768199,2528.330029909725
2021-09-14,7.646185792934333e-05,8.539038748397148,8.623677784672942,35.89548965142598,2655.291374507357
2021-09-15,7.54232197810647e-05,8.629153573870868,8.839641461947622,35.78529453099922,2809.379248311398
2021-09-16,7.708558057663307e-05,8.457343616292743,8.708845724183316,37.33675341496076,2866.368173446178
2021-09-17,7.353601899475871e-05,8.0279752560451,8.359475474016689,36.9528624731577,2674.4517613118337
2021-09-20,7.73153334037919e-05,8.09211884485334,8.72656942086197,37.75793687519816,2814.503032541212
2021-09-21,7.971209167528469e-05,8.142732261004692,9.004815470488607,40.05315248885961,2701.486039873584
2021-09-22,8.185080241319009e-05,8.460357377379076,8.65202391445329,41.38562960678953,2712.4910065256527
2021-09-23,7.947122385062483e-05,8.386761458847861,8.448362142022564,40.8345567829934,2758.634876692935
2021-09-24,8.634223423981887e-05,8.345953876198841,8.320737643751917,45.06484108425112,2819.1770149574804
2021-09-27,8.610342446932635e-05,8.314049367825577,8.360348598360318,45.46373715092758,2965.3750317084223
2021-09-28,9.132819037218666e-05,8.52762215151153,8.584591265423422,48.639508907439854,3066.918461593389
2021-09-29,9.0877456853163e-05,8.055104027530293,8.09768620188678,44.62498509313706,2945.78054116666
2021-09-30,8.318806519614795e-05,7.505339209679685,7.344868001440631,38.82946243808383,2853.3848997660903
2021-10-01,8.152494025065362e-05,7.484729546327448,7.351630218189404,37.23569977094109,2820.9941257370056
2021-10-04,8.592130092273018e-05,7.743113844539212,7.308146688921418,38.83698980251702,3014.2715798730765
2021-10-05,8.224027921288926e-05,7.652305644080288,7.093990845283371,38.31136979092906,3008.193832329838
2021-10-06,8.386860402901328e-05,7.951417155131217,7.369782405940015,38.66960732933766,3015.2525254396646
2021-10-07,8.207017428587617e-05,7.716387764749824,7.12341396263402,39.86048386791662,2690.093693587466
2021-10-08,8.115585871673013e-05,8.020748084653556,7.762589793286546,40.79320954928989,2782.364900376067
2021-10-11,8.023487955289672e-05,8.142549074850352,7.778170915830914,40.83960741103895,2743.1404300018567
2021-10-12,8.352157052855427e-05,8.08708981588465,7.773430979611693,41.08135164907939,3030.2198297013297
2021-10-13,8.123888955249203e-05,7.9353213796872915,7.388827386711198,42.39051885917896,2997.598503789174
2021-10-14,8.124795059542378e-05,8.115440251007826,7.554023767910496,42.11240175774618,2875.418945581533
2021-10-15,8.088269937533946e-05,7.996733257208173,7.450321940998504,42.1188718797826,2950.195578597563
2021-10-18,7.780419845293527e-05,7.886279903111142,7.387125570174565,40.46972731675859,2822.5888799122044
2021-10-19,7.851265843522289e-05,8.067179149680499,7.266570963342363,39.68355438340848,2769.3285338167243
2021-10-20,7.246911578764632e-05,7.798207525615336,7.209958661590623,38.66518344898692,2724.635272875304
2021-10-21,6.785064689554617e-05,7.83773940506885,7.498981551720427,35.68219378577385,2565.473254939844
2021-10-22,6.778106510613684e-05,8.110321055933053,6.870641345846412,33.713910454140176,2425.608952794237
2021-10-25,7.178286473069234e-05,8.429727195367668,6.98578053762856,35.12059782910128,2462.611355118134
2021-10-26,7.297211717183799e-05,8.590569739006419,7.481127524588056,36.05049742257553,2554.368864705797
2021-10-27,7.011857315078915e-05,8.299856707140476,7.392967036491603,34.73081043185455,2454.174268497426
2021-10-28,7.036666984422762e-05,8.118096449313235,7.388254719314591,33.51033895941819,2513.1710144044914
2021-10-29,7.102629812120083e-05,7.9139204880176495,6.9640638614210815,33.38326066987702,2495.409122995893
2021-11-01,6.823738278580424e-05,7.762626678189672,6.484958372101073,31.928291672651124,2341.347025942961
2021-11-02,7.07110771595352e-05,7.676158978557164,6.820686468218199,30.826900536925024,2335.615468646657
2021-11-03,6.778348658128046e-05,7.524151415218038,6.5892698866675365,29.49873487129237,2189.990620164991
2021-11-04,6.851326928521233e-05,7.439130854613182,6.587299960413188,30.749606368145315,2152.231399413012
2021-11-05,6.94453883055229e-05,7.466319830208944,6.481047795391752,29.50690363076093,2161.7539989597835
2021-11-08,6.78407376817696e-05,7.701469171971044,6.236635409429382,27.98136032872667,2166.365118811937
2021-11-09,6.335267624623613e-05,7.769532652340411,6.237659292423258,27.066453141950912,2214.503001048627
2021-11-10,6.120547122820687e-05,7.606565676057136,6.066356614303422,28.264950386462377,2311.9637805568
2021-11-11,6.373341961802188e-05,7.6715574577241155,5.855011308934179,29.405402418136,2321.5781951736835
2021-11-12,6.493235920491571e-05,7.701594888170498,6.007962115223516,29.7183255910216,2420.118447219781
2021-11-15,6.320073753422933e-05,7.730414822045476,6.089367580157438,30.38234505648213,2261.2325635041
2021-11-16,6.131989947032723e-05,7.875807533255664,6.276306861866486,30.232201139115272,2185.9976034780366
2021-11-17,7.69271052014961e-05,9.561237909713345,8.047429378062438,24.049286348225948,1666.9043902680835
2021-11-18,7.465308999974513e-05,9.909231955363657,8.19931729126224,23.71883065279912,1601.9605909562636
2021-11-19,7.95869684627996e-05,9.94436600960326,8.126320803470794,23.83363073922334,1620.023142188413
2021-11-22,7.6347342015929e-05,10.044937584548492,7.926875082031517,23.937882954309178,1585.4977061568277
2021-11-23,7.712330987754704e-05,10.20360195785196,8.746534174814066,24.86170718483725,1759.554621533241
2021-11-24,7.750014776993065e-05,10.233682850831867,9.324493497435368,26.995104236919488,1785.5571107648643
2021-11-25,7.359566639785036e-05,10.667151302834592,9.616548709149454,27.069009732228256,1780.7242353191448
2021-11-26,6.90517329525384e-05,10.58046953476236,9.449531584315327,24.96687579866505,1716.4102711662756
2021-11-29,6.895576277118964e-05,10.506835519426556,9.617570436732876,24.95484800695429,1655.389510757056
2021-11-30,6.510684792395532e-05,10.83894637077499,9.810000807982645,25.04950994327829,1540.162231599365
2021-12-01,6.478077134490894e-05,10.32955718046625,9.288600037717904,23.645827711912453,1470.096900707994
2021-12-02,6.481437759697583e-05,10.784707575826715,9.300498913409006,24.39959523856435,1436.301910460096
2021-12-03,5.974411402540977e-05,11.015044598350626,9.085860895515411,23.862120802405865,1429.2295932546297
2021-12-06,6.110557603698336e-05,11.129597924711396,9.292449680881232,24.667328914990023,1417.502560987919
2021-12-07,6.350021621095818e-05,10.73031964979769,8.945323137633151,24.9077469861602,1402.7256371107178
2021-12-08,6.28286276731892e-05,10.190180844722756,9.156722824889943,24.839735746068342,1368.0317736662014
2021-12-09,6.297672923601946e-05,10.028166241370938,8.643046355765524,24.948193156571204,1333.227438024727
2021-12-10,5.961530091178343e-05,10.08621567900169,8.868098093146672,24.440429376146867,1340.6658072074486
2021-12-13,5.49429699145113e-05,9.708769422086892,8.144319284379584,22.111453367825963,1286.7224772563527
2021-12-14,5.66594528507027e-05,9.398056691874215,8.03549956145526,22.08984320492472,1365.0768905993134
2021-12-15,5.860143954046043e-05,9.708834158488092,7.691290218425424,22.93540603461751,1454.084569191494
2021-12-16,6.035649434412361e-05,9.729223072496437,7.572098071895554,23.043574477677907,1414.8823711160028
2021-12-17,6.15656074119404e-05,9.780959430743634,7.781378658442226,22.699155854899693,1450.0698011773006
2021-12-20,6.394255036003694e-05,9.789698266288996,7.66542434286077,23.979606762746386,1439.399816190145
2021-12-21,6.078966256298677e-05,9.215111515678386,7.598163869047819,24.63225029446869,1461.1297894502031
2021-12-22,5.960525698992169e-05,8.864169005825104,7.168805660216611,24.464555225592683,1427.1326100959511
2021-12-23,6.055942694262927e-05,9.172223983677137,7.026953765172677,25.24561663239924,1437.3967521652226
2021-12-24,5.740130319860175e-05,9.08632008765902,6.9496270490994805,24.93252157422751,1384.2199082728273
2021-12-27,5.746433535689384e-05,9.211914637592804,7.346782867627081,25.901646143119017,1446.2835130196258
2021-12-28,5.626827964996231e-05,9.099966759515802,7.055704531476015,24.98626885626301,1471.372257268254
2021-12-29,5.798532225195983e-05,9.220205768603751,7.160847043101945,25.218910923123374,1522.612623740073
2021-12-30,5.962043342797295e-05,8.804316918566752,6.879505656240859,25.62231706235177,1526.1369374779752
2021-12-31,5.888155106174216e-05,8.700510997626655,6.925699998831288,24.921439307336872,1527.364588732618
2022-01-03,5.866443472112791e-05,8.545080651141168,6.552324014973432,24.010480379533817,1501.5062446790578
2022-01-04,5.992301015540872e-05,8.864597998611961,6.4687048451182605,24.70554678189513,1550.6173803302536
2022-01-05,5.97917853516448e-05,8.536624072430529,6.422737565294046,24.160095886438505,1573.743244518628
2022-01-06,5.878465622540348e-05,7.950934087502396,6.389999823302459,24.2328991656764,1588.3677150169922
2022-01-07,5.9346468451272894e-05,8.395111286324866,6.639939604646412,25.198337304210717,1660.891970013131
2022-01-10,5.844115452958406e-05,8.37834651718247,6.758527385764208,24.921686231163743,1681.3066318289843
2022-01-11,6.044918449789877e-05,8.631942422369756,7.13930253690301,25.835805342927937,1703.4551310343943
2022-01-12,6.094908512721896e-05,8.583809283080292,7.456278205514445,25.96611617413882,1691.296952883108
2022-01-13,6.001592864696189e-05,8.65192767926665,7.712436227923693,25.68039105964271,1725.58310781147
2022-01-14,6.180052950142113e-05,8.674373565109317,7.870444850631439,25.18546281234314,1749.3985196440972
2022-01-17,6.14766285221925e-05,9.142705856810007,7.550993419265858,26.56121581633452,1721.6339609617012
2022-01-18,5.994785302165583e-05,9.386836811051928,7.327165472128757,27.476970848589456,1758.6492164972017
2022-01-19,5.815983510324681e-05,9.625624407395478,7.365864924449306,27.61339840606524,1678.7936505559892
2022-01-20,5.882579360549528e-05,9.609283174802917,7.57822774700434,27.989399492725845,1722.5521600522536
2022-01-21,6.271544503288375e-05,9.726277887480306,7.287482512157283,28.240774062195168,1719.812231844309
2022-01-24,6.154992176056869e-05,9.108211963977572,7.1273806725215145,27.06954883834484,1659.00466575792
2022-01-25,5.825046996237493e-05,9.301103833378706,7.194610211217304,26.37343741300146,1586.726361996416
2022-01-26,6.0212002473351865e-05,9.705703945368942,7.420668807700567,28.271638190367465,1663.7513409443573
2022-01-27,5.894637462272669e-05,9.3887607209034,6.998189294500046,28.335089401903037,1709.134568187399
2022-01-28,5.868596504343305e-05,9.425139715292874,7.11818400670954,27.935614271935307,1711.6387777577038
2022-01-31,5.866898305390624e-05,9.489737710205691,7.342851628390582,28.145487499091065,1690.4292277700397
2022-02-01,5.869439693138187e-05,9.216922665672412,7.546617373429148,27.007162703737407,1814.6135477527816
2022-02-02,6.11671113783563e-05,9.298084970458568,7.813331979054892,28.422168972541893,1919.6279053315632
2022-02-03,5.9974754083532303e-05,8.856685903696055,7.855559936449984,27.22809724891821,1849.627285855694
2022-02-04,6.109861109388776e-05,8.811798726825744,7.44704835380909,27.8407065707222,1852.074179297741
2022-02-07,5.899381001645456e-05,8.645549274209493,7.317711996026901,28.33096389874728,1917.879287632758
2022-02-08,6.109398205466067e-05,8.970401036511742,7.620456493738017,29.272406510653617,1993.5847401519088
2022-02-09,6.322180837121369e-05,9.270086034967369,7.7004516923039805,30.17344238661776,2091.85672608236
2022-02-10,6.06896902414338e-05,9.35069568296699,7.763412439123607,29.080302850680347,2042.143536003574
2022-02-11,5.591790541272165e-05,8.907599048621403,7.533203827879309,26.28537488749805,1987.1542277840435
2022-02-14,5.627368721095055e-05,8.7439554485936,7.868314668314143,26.296576899562996,1942.0686834908024
2022-02-15,5.657256982664985e-05,8.460546534209211,7.868875811436207,25.40377126332972,1947.329423639697
2022-02-16,5.63571067705223e-05,8.400029830407973,8.406520202513313,26.17719132214022,1895.1623811181175
2022-02-17,5.7667138941662966e-05,8.394911087121788,8.935524610890049,26.62077883671687,1888.6010175974527
2022-02-18,5.90328661247174e-05,9.095886105629644,9.116921059911157,26.75199680444371,1949.2658096091825
2022-02-21,5.300666372579738e-05,8.817301792085924,8.924877270910576,26.829894944560333,1961.192624053112
2022-02-22,5.004235239182509e-05,8.635668335391681,8.52491470950264,26.73170257101513,1924.278388867928
2022-02-23,4.794682521854332e-05,8.286979277952383,7.829346340726952,27.22922953647358,1930.9907275520536
2022-02-24,4.9170642648060207e-05,8.39305219841337,7.748977710430489,27.331572437013087,1926.6720448456992
2022-02-25,4.970712199651859e-05,8.370035032339201,7.675539188957058,27.780567696445477,1892.272920862064
2022-02-28,5.141955176455164e-05,8.419614732889046,7.898413673774042,28.121996699912337,1814.3293077815583
2022-03-01,5.0443999912472176e-05,8.11805229259568,8.37946550464628,29.542536532542183,1862.9330866429136
2022-03-02,4.848486830063202e-05,7.54958900610219,8.321469474592874,28.400255081419356,1799.5996922658414
2022-03-03,4.869268914637433e-05,7.729807472883311,8.737560174830215,29.592429233093856,1833.71325161877
2022-03-04,4.897044742337402e-05,7.941561571909998,8.245213258685308,30.585078378685235,1824.655789298816
2022-03-07,5.238874861760397e-05,8.242375081689708,8.83606979758399,31.79832360736069,1902.7850580513723
2022-03-08,5.2532432165611136e-05,7.908883323905196,8.532771059646262,30.61575788433464,1940.7816569114225
2022-03-09,5.26101430995977e-05,7.725518108282117,8.575490015059563,30.571059578468773,1932.1510402717884
2022-03-10,5.172348002590751e-05,7.494760274384905,8.387799548359288,29.98854829716981,1947.7266276882424
2022-03-11,5.154633475743476e-05,7.43648213000702,8.439260555403797,29.402280531472208,1982.8988008538424
2022-03-14,5.53446313412209e-05,7.59790923919803,8.727887239252194,30.56506339854942,2058.716964570413
2022-03-15,5.800913078036125e-05,7.775358347237357,8.627750457201858,29.606190285027644,2029.0813042909865
2022-03-16,6.228878464798326e-05,8.10368053968959,8.793013350276631,32.10743400511015,2038.5993490327276
2022-03-17,5.865725497777364e-05,7.865532568589296,8.327571342888811,31.66149734094392,2074.959706064422
2022-03-18,6.120733739339485e-05,7.8950148512245715,8.518236482101546,31.03022475867027,2209.8579931550366
2022-03-21,5.977098557424551e-05,8.130696332617909,8.82812124976706,31.346293022546835,2269.0379905306327
2022-03-22,6.0511321084376654e-05,8.238692907557146,8.558936525630832,30.77824625901737,2320.350390499221
2022-03-23,6.23137745715375e-05,8.26446368629743,8.823652048170079,31.425348161028147,2368.942119164949
2022-03-24,6.222914992194202e-05,8.219597346516041,9.098667942800729,32.67127270400556,2275.0367657080656
2022-03-25,6.25843284713518e-05,8.365087220965105,8.8608799076058,32.64629023075661,2260.8931175878643
2022-03-28,6.4148784693677e-05,8.285020182133824,8.980418955741664,31.885861756629502,2226.7792099199687
2022-03-29,6.118629642253495e-05,7.795432713891993,8.65312131827176,30.529641833646632,2218.010840632952
2022-03-30,6.308633560447815e-05,7.73730468119093,8.61023774998394,29.981844884784525,2208.62433920966
2022-03-31,6.45105569124523e-05,7.813223501809784,8.386339620322401,29.839920545855268,2240.03354843336
2022-04-01,6.519155152115193e-05,8.216983417072163,8.61473112947671,32.54059905313979,2274.73906955008
2022-04-04,6.588601196163425e-05,8.125713928139795,8.159263462135758,32.33546668838932,2253.417458738066
2022-04-05,6.616153251747793e-05,8.29911252011865,8.03895494835964,33.31263401629726,2280.7211699079658
2022-04-06,6.501462427445617e-05,8.509866262858287,8.090509964246774,33.4900210800552,2226.817468051081
2022-04-07,6.40581234935904e-05,8.279568174105568,8.070575199643867,32.41204746507604,2289.8369963345763
2022-04-08,6.676917351632595e-05,8.358086355944414,7.905137344728176,32.923603269714924,2337.5472904403327
2022-04-11,6.841506420320905e-05,8.469129582915558,7.826771233169568,32.83406997381921,2342.653438419435
2022-04-12,7.066740220778401e-05,8.423803818937701,7.805169236279904,33.6284717530061,2398.978885999523
2022-04-13,7.12751689146232e-05,8.558553235947693,7.725176578010352,32.59162916574589,2461.1422802090337
2022-04-14,7.266937075405012e-05,8.567480503479887,7.08879351552415,32.03072214896392,2412.6473222061754
2022-04-15,7.225498798812065e-05,8.778896456880366,7.122710194111062,32.0581417127924,2547.7757722699434
2022-04-18,7.166037024137672e-05,8.820264599572631,7.270718969385231,31.59555127178229,2533.76820077367
2022-04-19,7.107403986700404e-05,8.65037933895118,7.0031033874446695,32.06893285371547,2527.5820990162965
2022-04-20,8.362667094213742e-05,6.93359375288473,8.135096455268357,38.54543050961708,1868.2843748892867
2022-04-21,8.603119107074095e-05,7.230519333129701,8.202174828871,37.32882973641115,1948.6332629987885
2022-04-22,8.227479793462823e-05,7.169781988912448,7.874233961766501,36.59924438416726,1905.5782240286928
2022-04-25,8.381388261079399e-05,7.100645365378914,7.333085604829941,36.30297877333631,1930.077537821495
2022-04-26,9.001960075806582e-05,6.928247031160022,7.2228142435519,35.66469789941309,1966.6790411138315
2022-04-27,8.75308285568523e-05,7.127103451761459,7.052040048028878,35.417214928917936,1992.946019231431
2022-04-28,8.567197131952621e-05,6.874422998950337,6.963396735206636,34.494425561841595,1955.6173462085303
2022-04-29,8.443429528839692e-05,7.099277911105197,7.18544908847568,34.53421064168966,2052.866447580652
2022-05-02,8.48608263431458e-05,7.452057881925362,7.4296195433626195,36.58610693247211,2041.6884782354675
2022-05-03,8.381904608816286e-05,7.618325642710753,7.330836179211114,37.04419932540026,2074.5690024756013
2022-05-04,8.720702039128376e-05,7.4637604342983135,7.513049289558297,36.92672924448616,2053.456374876452
2022-05-05,8.26952564551041e-05,7.292055262335448,7.717182884743048,33.15176768862316,2103.8481607839067
2022-05-06,8.298715799713311e-05,7.4333836834131155,8.283817838583778,33.906610803548496,2247.551739079538
2022-05-09,8.065008604105221e-05,7.23670276961668,7.926083061748797,32.51452074699536,2165.3040071976066
2022-05-10,8.05539751540767e-05,7.160702161385381,8.330600471190715,31.624172461599706,2278.6304603971757
2022-05-11,8.036092998766199e-05,7.377009587168135,8.211859795296936,32.63372284665151,2199.722083563405
2022-05-12,8.34387092753021e-05,7.587452900832474,8.405739585102841,34.21949445406633,2274.508977286903
2022-05-13,8.110050377287272e-05,7.654923617865245,8.152504070183866,35.429822664789576,2285.713464740247
2022-05-16,8.171487231112738e-05,7.634384748018019,7.997986662125362,35.83847903247832,2270.66243075825
2022-05-17,7.845239484232289e-05,7.939561893431387,8.209618301954439,36.2806811749896,2359.466612060719
2022-05-18,7.915785228355898e-05,7.775087005921277,8.485150361869687,35.54009871365162,2437.1860861943446
2022-05-19,8.436705099829242e-05,8.314416151340005,8.304240246873883,37.05317139568483,2519.882798572744
2022-05-20,7.956377284432957e-05,8.458872537835596,8.36579446734878,37.04600822856341,2441.4625226180333
2022-05-23,7.87936463738922e-05,8.409430003799267,8.587733924362658,37.04890939370132,2424.890860379388
2022-05-24,7.615405244562211e-05,8.126878319253729,8.492666213911992,35.94133963934464,2340.2354386803067
2022-05-25,7.882165321812955e-05,8.294958899507998,8.224535691352155,35.52115579524216,2311.1423090250983
2022-05-26,8.202851200226188e-05,8.456075474142288,8.450747670690873,36.10102971831449,2445.309272428274
2022-05-27,8.804863201253034e-05,8.380552788787911,8.146482058822905,37.93985313336473,2495.818116803113
2022-05-30,8.987275484590082e-05,8.560521091440343,8.74021239204533,37.24585764095513,2478.914628889479
2022-05-31,8.923271359298019e-05,8.541776852492626,8.736335775043592,37.614266849543874,2525.576849519827
2022-06-01,8.77281620748613e-05,8.32354261413845,8.565973250662255,37.23798875574515,2473.845458960611
2022-06-02,8.265630387433077e-05,8.181777898406002,8.238130672607381,36.63196575364587,2394.795431078885
2022-06-03,8.137456295977446e-05,8.266906207992742,8.098789557725869,37.66549732551295,2380.83360212298
2022-06-06,8.242458154180277e-05,8.368744134257572,8.48586169014759,37.99624651225798,2436.9001647552554
2022-06-07,7.866866199721201e-05,8.314025908570823,8.203735225633599,37.55359993955211,2306.616456864626
2022-06-08,8.068032209821527e-05,8.356426549745773,8.156593597128854,38.36022537383842,2323.68866981986
2022-06-09,7.966773567531531e-05,8.183358408167345,8.03746123097899,38.551954734151565,2339.193670000136
2022-06-10,7.647685098099679e-05,7.925009100904419,7.712767251180829,37.60998150791295,2348.1800167962424
2022-06-13,7.972343398503832e-05,7.998487855398688,7.780941628167813,38.65081519051382,2396.3218039840244
2022-06-14,8.19455902939591e-05,8.175965904302554,8.174387056658546,40.27052596664714,2516.150680530366
2022-06-15,8.252923130610237e-05,8.054177059492,7.8874911279833695,39.59369511188563,2466.094140054508
2022-06-16,8.343504710076788e-05,8.226385361845823,8.00809812979515,40.19233689359096,2510.1773507384714
2022-06-17,8.568381170787699e-05,8.21546593612339,8.086240177175592,39.81266653566438,2573.464941425503
2022-06-20,8.42403389414503e-05,8.370002576700037,7.84208451598094,39.44552843736157,2518.114310355461
2022-06-21,8.481513257109376e-05,8.388379816221324,7.670208623240581,39.90558249572719,2574.503483514012
2022-06-22,8.663144580212778e-05,8.411248265756242,7.64378947313597,40.59753600028712,2592.7211150961625
2022-06-23,8.534602484649715e-05,8.336973542016834,7.849366667236844,41.12566576954068,2610.1123506062927
2022-06-24,8.678524617954717e-05,8.359867231162182,7.640630459554512,41.776431041533854,2698.6429633263715
2022-06-27,9.070547375529418e-05,8.559912041574853,7.74911592819297,42.40283202926603,2753.2265011276418
2022-06-28,8.968761668888962e-05,9.096345194432764,7.759116620332066,43.43624581420071,2799.8062791894517
2022-06-29,8.787164433380253e-05,9.186344581037272,7.799866370328183,44.23668608968177,2799.37601929246
2022-06-30,8.836538447594994e-05,9.015921600471922,8.126574352191724,43.96566520814736,2762.2798879277893
2022-07-01,8.889237956010449e-05,9.238424321558368,8.225411296415386,43.966432016831945,2757.873452791336
2022-07-04,8.677775464472992e-05,9.23240960424665,8.168016383414207,43.2858031343343,2621.100565525738
2022-07-05,9.056349541154324e-05,9.400867835399394,8.21815939879767,42.386808237594,2559.2036366595107
2022-07-06,9.030284896397647e-05,9.4192095967716,8.19611284863678,41.55818193011168,2559.598754382025
2022-07-07,9.084074775240786e-05,9.026748456968368,8.086933238773714,39.47215921931295,2530.165008842572
2022-07-08,9.38142458108926e-05,9.254732261275704,8.187299073918673,40.04911645487063,2645.833228409899
2022-07-11,9.415255106402382e-05,9.184849773963666,8.099748068689697,41.07110395887287,2587.0024619874616
2022-07-12,9.722555246899326e-05,9.632560947974712,8.065591083542818,42.28206495517921,2649.304185253322
2022-07-13,9.565485901524304e-05,9.42694110411668,7.926007014509062,42.24996082382276,2592.316513112992
2022-07-14,9.924784729372572e-05,9.338822050518733,7.966347227440644,42.07479986946504,2708.4383679137545
2022-07-15,9.860922668416298e-05,9.357633473088692,7.980269226921292,41.901827377270976,2750.6574493607054
2022-07-18,9.945699115935738e-05,9.342422181068946,8.213253288615334,41.38113966270213,2713.37844769371
2022-07-19,9.650444724237989e-05,9.249757190323164,8.077425075335313,41.22962314295089,2660.0277544340256
2022-07-20,9.871238502099104e-05,9.363009028457224,8.216400145766357,40.01806175685029,2743.9574184100197
2022-07-21,0.0001010555067808,9.51479385835047,8.189648264725106,40.623774587185935,2704.6583977985506
2022-07-22,9.962358425099534e-05,9.493389246476807,8.190852477679181,41.69513095509112,2772.7428236370656
2022-07-25,0.0001008181319247,9.411479098971522,8.139239198477915,40.65127770706784,2768.8246781749585
2022-07-26,9.861959814758196e-05,9.436446257541183,8.105145447962533,40.19724872701897,2680.664874666193
2022-07-27,0.0001021594327871,8.957937016899395,8.026940495125395,40.08113439538676,2674.919727306826
2022-07-28,0.0001001796449973,8.556395807670574,7.852329301512016,38.01059256153798,2666.340387397963
2022-07-29,0.0001031653101103,8.774234209851244,8.0882979332682,39.49459988906046,2760.121686733157
2022-08-01,0.0001045420744199,8.714612816222473,8.10154570944186,39.441956109846174,2766.50184675678
2022-08-02,0.0001067283132633,8.663370320104823,8.32362109033687,39.58815315248127,2818.515448359184
2022-08-03,0.0001053191854418,8.820660888783275,8.4644930806469,39.69651838438705,2778.640021148035
2022-08-04,0.0001056047909364,9.012463939008729,8.629685385248198,40.03596090033415,2750.2440470114943
2022-08-05,0.0001064035503969,8.636604978434118,8.626715546031633,40.604775590043786,2758.6532076332937
2022-08-08,0.0001058441890074,8.725905546078033,8.683381642277183,41.66366477745972,2819.2246242206206
2022-08-09,0.0001076746887545,8.727834183057135,8.70889853098004,41.57014365591083,2820.162063195817
2022-08-10,0.0001083861635634,8.520122308259316,8.922692713177847,41.12138073778475,2822.9042791787638
2022-08-11,0.0001069175650522,8.462363667491786,8.925097925091045,42.676174397118,2815.802369540329
2022-08-12,0.0001043773499829,8.349779245553236,8.680760089391411,42.93290206299672,2831.4810682876914
2022-08-15,0.0001047550625654,8.379609352738354,8.858017924219547,42.14514417434823,2857.204681120204
2022-08-16,0.0001047173723325,8.134646489940117,8.886219535229845,42.03471320564938,2928.120340767717
2022-08-17,0.0001008361913612,7.5875116141422705,8.688644646028889,40.93405247695005,2859.9145791289093
2022-08-18,0.0001004405585185,7.559467850088665,8.718268465717513,40.96642530079142,2933.507721334402
2022-08-19,0.0001015474638662,7.67817979494968,8.559719449775313,40.45669326734067,2905.878795255112
2022-08-22,0.0001029272031932,7.5918771011641075,8.661409099776568,40.51315014621405,2946.3468232258047
2022-08-23,0.0001038233360452,7.438970243217568,8.579493102563674,40.02284383454852,3049.546495009597
2022-08-24,0.0001029846430331,7.520134048818555,8.523867835117555,40.48860903024031,3042.9277501146253
2022-08-25,0.0001031577816441,7.322461719440765,8.648828523656057,39.331114488845245,2975.1000242466266
2022-08-26,0.000107673151601,7.325080918855273,8.819703330935464,39.8056265765592,3002.4036379502886
2022-08-29,0.000106192377939,7.3455184590337055,8.749874780201194,40.47895174502929,2946.6767564653715
2022-08-30,0.000104586498969,7.550933968993866,8.689677227420859,40.81355402287881,2989.9062472268724
2022-08-31,0.0001037110525316,7.619510102250618,8.671280973461316,41.369804284139846,2955.7880291727824
2022-09-01,0.0001044251810057,7.486813222974264,8.756218385993602,41.097778110693,2959.661870003321
2022-09-02,0.000101985681948,7.508177250947472,8.739713215626827,41.76320154840103,2999.282834320404
2022-09-05,0.000103610741098,7.508231003040323,8.831760128851446,42.31771463242541,3034.729803631304
2022-09-06,0.0001064168675209,7.571956451513716,8.868798024272909,41.58545926660729,3029.498626345691
2022-09-07,0.0001057533679926,7.40980382511011,8.676539432440341,40.90153243132673,2985.484129868129
2022-09-08,0.000105165175425,7.299994745299527,8.42669809694371,41.02948693270313,3058.288041767344
2022-09-09,0.0001049956464109,7.480757228695594,8.53467596630175,40.985762615455016,3007.444212615792
2022-09-12,0.0001084700277102,7.550495387342106,8.595493042889052,41.0096805661038,3022.347069423476
2022-09-13,0.0001104215008627,7.613625001610414,8.382307563879143,41.21744618784369,3013.3563804766186
2022-09-14,0.000108402831914,7.440466918997682,8.206386217114565,40.432820147094105,3009.944190759431
2022-09-15,0.0001073158091519,7.389298473576868,8.137959243740942,40.06581230699564,3011.4679348135787
2022-09-16,0.0001058505947652,7.276253089022175,8.059008991505133,39.55633268060032,3036.541785410689
2022-09-19,0.000105157692844,7.20411158503194,7.895548417132903,39.37033089067,3009.7577981398103
2022-09-20,0.0001070909422711,7.392883877729016,7.98741046638205,40.37072205794777,3011.6376921952115
2022-09-21,0.0001066008137862,7.255364568290589,7.9459610214858944,39.90854347944137,2938.4668074609144
2022-09-22,0.0001060815938094,7.318026369975978,8.158775515248774,40.50347502301239,2971.1041859562624
2022-09-23,0.0001040489096336,7.067474334153088,7.975732884890233,39.89926773516405,2995.751443092161
2022-09-26,0.0001045815126589,7.229124212403732,8.239794549187199,40.40395874740069,2972.7244823977567
2022-09-27,0.0001050515389425,7.131745683943667,8.334950988236015,40.02066277758475,2916.427067253218
2022-09-28,0.0001031687762601,7.022865899894291,8.325184227488462,40.3648437275185,2917.2132562132942
2022-09-29,0.0001021033573693,7.081713675589609,8.297201850915073,40.45034803909027,2869.9235150889403
2022-09-30,0.0001010840098251,7.043882655760896,8.437279774307736,40.412179926160434,2926.8642444086154
2022-10-03,0.0001024286638619,7.063887594217403,8.492706488744753,41.26360979601964,2907.4045163822348
2022-10-04,0.0001027996446855,7.0857919277290105,8.441379652910115,41.02193505256645,2887.4467804559845
2022-10-05,9.875852144683816e-05,6.90506659216058,8.417842253546763,40.61577163211471,2815.5891600916207
2022-10-06,9.890091007782352e-05,6.80110207055375,8.102752835966653,40.02024259729147,2760.8848893825334
2022-10-07,9.742445158105924e-05,6.813533771558285,8.195820857275146,40.367355900903526,2755.7669689158765
2022-10-10,9.900692774833792e-05,6.612790049277215,8.156406907345328,40.180457490564216,2739.166058603124
2022-10-11,9.922535739741798e-05,6.675407628381564,8.214782647988892,40.69065599572343,2701.95470394088
2022-10-12,0.0001017318667906,6.72984171574766,8.360465699276808,41.34654259217755,2741.8641622312857
2022-10-13,0.0001033938975085,6.729333660417287,8.4801635693489,42.382455680824194,2709.42332416466
2022-10-14,0.0001055391865865,6.666694355025258,8.552571235561757,41.6148193433464,2729.844807633273
2022-10-17,0.0001047335673011,6.67042389563179,8.540259923614082,41.28317979611682,2696.826247163588
2022-10-18,0.0001047191841358,6.627529436773555,8.681399836400985,40.550844074920526,2645.614585976676
2022-10-19,0.0001066203752562,6.7324040409343056,8.800227371127514,40.06850735695984,2734.35968590015
2022-10-20,0.0001036584714102,6.7767623597372175,8.846976059262392,40.15825276913921,2677.8447600139875
2022-10-21,0.0001030118806419,6.710835736697586,8.629822830659105,39.84260277886796,2659.832576817621
2022-10-24,0.000106859805728,6.922724717055996,8.849927018936615,41.30422547761249,2727.503541294925
2022-10-25,0.0001083023337672,6.941893833883369,9.10216351405429,40.84298249298022,2722.4791430763703
2022-10-26,0.0001077795005444,7.026084665893311,9.051497808619477,41.427083853774384,2729.803384366454
2022-10-27,0.0001051919040329,7.077959477614699,9.062572468115285,41.975996866826,2701.872548727338
2022-10-28,0.0001070865352574,7.168101304140156,9.258109647507666,42.29710454424756,2694.8419936942823
2022-10-31,0.0001084656711619,7.1396167839962486,9.212290701585788,42.38094098351876,2707.793225337565
2022-11-01,0.0001086038680225,7.290494934620085,9.289736067588306,43.283537911830045,2761.1996958383784
2022-11-02,0.0001067945920041,7.430933955626912,9.189897449558469,43.67101465272622,2747.597199647504
2022-11-03,0.0001079387027092,7.508032576273735,9.178320465980612,44.20178528982863,2771.9299134952657
2022-11-04,0.0001084659202684,7.514865959007366,9.178132380559944,44.05888643245296,2782.862813645629
2022-11-07,0.0001127999410969,7.510734753553479,9.339520912071617,44.18008391152134,2901.6818413361457
2022-11-08,0.000116390667829,7.730089578978279,9.54535854325042,45.59026073814915,2925.382805957225
2022-11-09,0.000114402457986,7.773678189361836,9.535810948821554,45.31509007691956,2902.610702653189
2022-11-10,0.0001149990070208,7.835447416528927,9.679845999212231,45.41691070230995,2912.2004987224227
2022-11-11,0.0001140596328357,7.748141798996682,9.799234645970111,45.5584969061215,2966.4403386893378
2022-11-14,0.0001128424015024,7.772016048746674,9.80678860874311,45.33959139413592,2976.1682936328307
2022-11-15,0.0001097025022645,7.64428929738854,9.616113039786685,45.49029285558767,2923.383438545885
2022-11-16,0.0001094509464913,7.7836495314188445,9.603020709324074,45.36329511605168,2867.245836028708
2022-11-17,0.0001063455701188,7.939436501986278,9.72671455744395,44.85563474875106,2918.716175861672
2022-11-18,0.000105540982569,7.94141417641124,9.537263934115597,45.16712007427804,2926.6535880488505
2022-11-21,0.0001037597330616,8.014268061686034,9.484360625497724,44.95823539074279,2897.0866329296296
2022-11-22,0.000103534294711,8.045520923609992,9.47267756762668,45.639296152982894,2900.74114120811
2022-11-23,0.0001041580412095,8.108958436152168,9.576367422491904,46.21654853928152,2930.385957002556
2022-11-24,0.0001064546845938,8.157945779347122,9.396666950587791,45.6452092147592,2882.6199876891146
2022-11-25,0.00010700725032,7.9796503517165585,9.215077053137136,44.78986628366424,2823.2983499822394
2022-11-28,0.0001090349784959,8.015458946859482,9.306996875093526,44.79173169007458,2781.973307528238
2022-11-29,0.0001086229579386,8.078611855276861,9.134497183903028,45.19052842665392,2747.32127349488
2022-11-30,0.0001081128307681,8.127080819666398,9.25435796146152,45.09221944520989,2730.840036653384
2022-12-01,0.0001079525729051,8.103350020317949,9.258578567214991,44.17057352066029,2750.037443609747
2022-12-02,0.0001093234480685,8.075231580555142,9.25645541573378,44.9002537815624,2771.955541422869
2022-12-05,0.000109724398831,8.257393295407786,9.30637079589619,46.39845752180722,2811.002552061692
2022-12-06,0.0001119730588778,8.231054406895387,9.31458624308569,45.58331896667825,2845.847846184931
2022-12-07,0.0001103566097623,8.068606532247335,9.33861250380431,45.204083818438335,2857.154784042624
2022-12-08,0.0001101037010297,8.0124597623605,9.344935566354332,44.34352635832719,2850.342321358308
2022-12-09,0.000111189289767,8.039352145209445,9.342088625499134,44.265754987862415,2794.375942240675
2022-12-12,0.000113214664639,8.231442258795271,9.320294200917386,45.62269418100679,2854.0530992527542
2022-12-13,0.0001132411463211,8.268554697198901,9.39129230514878,45.3664193601938,2830.290469381469
2022-12-14,0.0001134385905314,8.185203698136757,9.476858485867512,45.032685997426825,2820.519397201312
2022-12-15,0.0001138453901854,8.309273134433816,9.572228873469816,45.07058993821971,2776.4875869131506
2022-12-16,0.0001121705997915,8.244101022894734,9.619194842052591,45.02019067321319,2779.303903631939
2022-12-19,0.0001113881156871,8.253034219652914,9.443537344238852,44.85063633294521,2738.2518120128266
2022-12-20,0.0001107459149734,8.3042093777669,9.431909109192892,44.63974595606834,2762.216354878349
2022-12-21,0.0001096111163724,8.469181780221163,9.476662736209017,44.6681118304564,2798.9551292002343
2022-12-22,0.0001050033625278,8.43365797359458,9.402914613713182,43.96120816523656,2716.7753084630067
2022-12-23,0.0001050927530006,8.533406667543508,9.380934001192871,43.93116169891941,2706.174266445491
2022-12-26,0.000103583055202,8.463144911550945,9.314234738232766,43.2865499116364,2675.2425130730235
2022-12-27,0.0001027206120987,8.496480898546036,9.381317009242304,42.90956989713322,2603.7130075274194
2022-12-28,0.0001027523498485,8.450838568507567,9.349054761697266,43.07283198365588,2633.2991057805134
2022-12-29,0.0001026022926201,8.332046394064228,9.155076135817987,42.57112215149739,2598.090958613808
2022-12-30,0.0001030757736751,8.194333072186389,9.134541497036835,42.840176911661366,2604.908222460391
2023-01-02,0.0001053981769073,8.22121537818729,9.185806314742871,43.25718671722469,2561.004465618922
2023-01-03,0.0001073075988088,8.35134200213892,9.247679941904252,43.74088908516032,2572.373422034293
2023-01-04,0.0001053980628794,8.323383942487727,9.03950752753195,43.79568598786135,2516.703646242848
2023-01-05,0.000105280201806,8.29216290272627,9.072725902917574,43.288216366563255,2506.937663752706
2023-01-06,0.0001089104282127,8.362278207732036,9.12939881910069,43.760963683930896,2548.601507442273
2023-01-09,0.0001079536626214,8.350342136590074,9.089226979947671,43.45969600852214,2501.4694978581774
2023-01-10,0.0001074794221563,8.360950425844797,9.095413259262608,43.892801422019495,2447.7514992325173
2023-01-11,0.0001062033536798,8.426409250471714,9.005866480401535,43.30157558847971,2411.537604447803
2023-01-12,0.0001053174302788,8.341825816508486,8.983709133926778,43.3521174041389,2422.5013698518355
2023-01-13,0.000106115691397,8.262922606828424,9.016178423277127,43.44272095094895,2443.3957160311047
2023-01-16,0.0001047144998471,8.147821892652209,8.853537665239879,43.40083780974343,2437.192437932176
2023-01-17,0.0001045977064581,7.983610361119102,8.75569839390752,42.61736599600522,2460.71480070892
2023-01-18,0.0001056866344683,7.93480711100239,8.97727289986712,42.44230290192454,2488.197096721157
2023-01-19,0.0001050033485629,7.902828995864839,9.08459600267686,42.52569122803783,2445.207047351719
2023-01-20,0.0001065907458902,8.038301165622686,9.11800387536634,43.14306392171048,2449.5929004428112
2023-01-23,0.0001044529176731,7.94416316007972,8.988810000512482,42.69789730118366,2420.2849628048148
2023-01-24,0.0001069375078232,7.881089567034587,9.124559379512132,43.16599909470702,2418.924008334119
2023-01-25,0.0001073891532408,7.8972398734357,9.129420672470086,42.729528242490645,2397.122092390091
2023-01-26,0.0001072966512175,7.906170667014245,8.997201719490969,42.59159033718568,2391.7157790137003
2023-01-27,0.0001060782864516,7.942064764831397,8.965963817296178,42.72397891507735,2351.0602214495207
2023-01-30,0.0001071398344509,7.924072248814662,8.79392304511791,42.44360388304925,2344.3665112465173
2023-01-31,0.0001045848934297,7.903472689476976,8.781624632918888,42.27610830334264,2358.2237374230112
2023-02-01,0.0001055273342371,7.878353686495152,8.909723450481525,41.72054549076195,2370.555666200646
2023-02-02,0.0001059046752606,7.878746834498623,8.912814015356401,42.13903687640332,2408.1434124940733
2023-02-03,0.0001049033666435,7.833873085213809,8.987235461405806,41.95655824837627,2398.303120714679
2023-02-06,0.0001065664862227,7.960254269897529,9.221042539443346,42.06386496456285,2425.653685787221
2023-02-07,0.0001052116973393,8.04151961272729,9.242030073158864,42.95568124632791,2404.783927412882
2023-02-08,0.0001052613415139,8.040084717357876,9.413337115387185,42.79717907910317,2446.973854884769
2023-02-09,0.0001046057601014,8.022260507883505,9.361240516282177,42.34100191987235,2445.956534095786
2023-02-10,0.0001054615574379,8.050624838571398,9.362748995578638,42.34642990521968,2432.1507328260336
2023-02-13,0.0001068662215128,8.03394646203949,9.297325857958509,42.46941293979716,2490.618658605535
2023-02-14,0.0001081628805342,8.05367339109946,9.142155241664314,42.6440528208479,2511.484969093485
2023-02-15,0.0001063529943235,8.013438133815217,8.920357889456302,42.36051585833568,2544.163653913081
2023-02-16,0.0001061254565959,8.032544072180434,9.012142754950284,42.83025332270264,2575.5786247377714
2023-02-17,0.0001062466511559,8.07611326070631,8.87136149799388,43.26289823854377,2545.8581109453635
2023-02-20,0.0001068705650707,8.1152621335807,9.057703500459455,43.5227095264358,2558.52747509035
2023-02-21,0.0001076890771823,8.189630067333587,9.039549445678754,43.55195961943641,2539.3512195606663
2023-02-22,0.0001057949543557,8.204593134728066,9.24116039989299,43.88386166112585,2611.769004888232
2023-02-23,0.0001078259139189,8.282088466550801,9.30910017780377,44.49965016779785,2599.226547106213
2023-02-24,0.0001131070085711,8.568469748529452,9.783504931203115,46.42581284368028,2708.95728069683
2023-02-27,0.0001138300747255,8.653924241958745,9.734733961352584,46.02671511718148,2689.7843926605183
2023-02-28,0.0001120316020732,8.693061110225079,9.60434748421974,45.30893062606848,2679.771409293288
2023-03-01,0.0001133816898425,8.911437069033443,9.856006595890936,46.34875407435089,2768.455359851026
2023-03-02,0.0001119526641431,8.84256088115292,9.852999904709725,46.750777145530286,2776.571033337554
2023-03-03,0.0001137287786382,8.864594478794285,9.804936911516288,46.52667998554556,2819.8375793006508
2023-03-06,0.0001159153545635,8.93662427375481,9.941894817841105,45.994679546546585,2805.6148618710263
2023-03-07,0.0001161461002874,8.91768299489825,9.946986859673318,46.09480508181527,2778.664444332506
2023-03-08,0.0001166134654621,8.922601117335903,10.04524664567235,46.66358572493419,2785.3009627703154
2023-03-09,0.0001178414806301,9.01055091502532,10.08079410620856,47.299245165948975,2772.825354705438
2023-03-10,0.0001170559933799,9.026904036679417,9.955391700353251,46.9199740823128,2751.8150323855302
2023-03-13,0.0001180629352939,9.180536210920623,10.108191343143332,47.4657143596081,2754.4787888490464
2023-03-14,0.0001190866447622,9.146763711992069,10.238735904413762,47.29051646421553,2776.555589962741
2023-03-15,0.0001184677007759,9.065697033009515,10.262948928682484,47.32394921293384,2816.6773582780165
2023-03-16,0.0001198643816157,9.178996896229815,10.271617400898434,47.93385717042775,2809.350914808477
2023-03-17,0.0001189916514041,9.223885008258364,10.422197829860256,47.99282909192856,2816.052881642457
2023-03-20,0.0001196574007343,9.411021277018278,10.542375140062806,49.07521933963742,2860.1041799598047
2023-03-21,0.0001185545282161,9.394471147523143,10.606820006857566,48.8277659832368,2873.0012886542963
2023-03-22,0.0001196924357412,9.50283811460702,10.688476477806104,49.92870630011907,2897.0910293826287
2023-03-23,0.00011961177081,9.527154374241617,10.807704415744762,49.881883795533085,2907.4014894703832
2023-03-24,0.0001201486279113,9.701280369615816,11.018141678841475,50.9685754681916,2925.9197433486106
2023-03-27,0.0001190748423829,9.640592927149012,10.986879509474392,50.4984567483955,2944.5648712888683
2023-03-28,0.0001210184376612,9.75874034716567,11.200248090850714,51.4000969363,2979.653606792446
2023-03-29,0.0001211191219836,9.653593304602444,11.132844149384317,51.3113510169704,2998.555428225941
2023-03-30,0.0001223872815227,9.7443472100623,11.23516272916964,52.14658272051592,3052.328116648347
2023-03-31,0.000123140841885,9.72839183053416,11.251922824851745,52.56652574756716,3088.304097469732
2023-04-03,0.0001221690346911,9.61237539623533,11.332496792867454,52.204663833003394,3081.357523640093
2023-04-04,0.0001234055008951,9.751294112683688,11.34338216312544,53.09760017685453,3064.820023717169
2023-04-05,0.0001218432094316,9.656113189545348,11.211259472914954,52.86435848176681,3058.1197681849603
2023-04-06,0.0001226534483327,9.673418012908364,11.225023349511355,52.64380185511606,3054.0484904885
2023-04-07,0.0001236643092432,9.575970695936723,11.007508355275457,52.24478990391193,3074.2055327700728
2023-04-10,0.0001248022913831,9.611793339560778,10.975915298066187,52.171147757854925,3086.186953417296
2023-04-11,0.0001228191734855,9.632541502737066,10.783191897235511,51.821722198816126,3076.517537508905
2023-04-12,0.0001223902864788,9.570384404192868,10.721763648358564,51.822837264304496,3100.08287494806
2023-04-13,0.0001230308207213,9.62363400012756,10.566717673483812,51.83601932269752,3111.6924645827708
2023-04-14,0.0001234806198931,9.598311139805547,10.620970939608103,51.44432169311744,3116.2220356432053
2023-04-17,0.0001250841747061,9.738300016880723,10.572512710654648,51.42617909878082,3134.5268944805207
2023-04-18,0.0001265811727873,9.65149574124565,10.621789851438509,51.55069581377595,3068.396294328249
2023-04-19,0.0001243652588916,9.55828655043732,10.703038941681353,50.32165996786386,3019.66569334568
2023-04-20,0.0001241922837891,9.68286665873904,10.715381831947706,50.41929828994567,3052.906303334357
2023-04-21,0.0001255028617422,9.713832698024458,10.834181548065557,50.175083732037024,3060.706896046932
2023-04-24,0.0001254965326201,9.785189269083371,10.840415730951216,50.71450782852774,3045.644133172497
2023-04-25,0.0001251822811067,9.75801838540112,10.83643552145754,51.3161188374069,3058.8093392432734
2023-04-26,0.00012643706025,9.910171807174962,10.989080601511168,51.989310419619855,3066.875881723249
2023-04-27,0.0001256562893135,10.047400087296085,11.047104756771793,52.23710603770389,3084.885742257282
2023-04-28,0.0001276991040404,10.093490516335624,11.190504524790535,51.95778513743146,3080.9558953574387
2023-05-01,0.0001292158319392,10.243712990582502,11.356741080036,52.269162824003445,3087.913320867889
2023-05-02,0.0001308378488638,10.34922108960444,11.476471082864595,52.95346695693994,3130.86823275142
2023-05-03,0.0001308180311946,10.470502477809942,11.313507915335562,52.947288666462285,3169.542800223076
2023-05-04,0.0001327364672725,10.516233732805812,11.381432710921938,53.20299452792708,3165.1584777415283
2023-05-05,0.0001330883365734,10.479109188573432,11.342177169604,53.24723838782247,3163.4244518761616
2023-05-08,0.0001333948579908,10.34990910615164,11.209327304771962,53.17668523129431,3151.987540295509
2023-05-09,0.0001322602509203,10.32739375125085,11.12244960831461,52.5551728777401,3109.335424055593
2023-05-10,0.0001335269120063,10.362941604397188,11.155626574938072,52.00164051279584,3158.911394980516
2023-05-11,0.0001319369692242,10.16377556806844,11.101033564612033,51.16897808451001,3073.5248406424707
2023-05-12,0.0001326558451828,10.173311526600555,11.168288048902673,51.06412302460821,3062.8231410353847
2023-05-15,0.0001325546158519,10.22952587816109,11.254548041068707,51.362822599683085,3078.874950985645
2023-05-16,0.0001334977463462,10.175947520861238,11.172417004624217,51.686767443517326,3076.3156776585665
2023-05-17,0.000134683414402,10.286332042617948,11.164006740001128,52.09274019634572,3118.4005634408595
2023-05-18,0.000134081971024,10.337694056241451,11.193528913657731,51.566835265685214,3096.309195422712
2023-05-19,0.0001350059266991,10.425187149900646,11.288096266284205,51.68929796213001,3131.41712720611
2023-05-22,0.0001347575274985,10.334648664451478,11.241995818146885,51.39677632386188,3096.9450656425915
2023-05-23,0.0001336739294616,10.385289953510778,11.312639230183304,51.419475834432994,3075.2345157661766
2023-05-24,0.0001346181766991,10.422511319035904,11.41883888534982,51.94650310074127,3104.797310825669
2023-05-25,0.0001339968968281,10.393546226680716,11.486955194975431,51.65153953749652,3101.726526724755
2023-05-26,0.0001334140389325,10.404257314479745,11.486444498147934,52.1251144667156,3116.348161281334
2023-05-29,0.0001335818815467,10.502758214491738,11.550075453199392,52.65389152324087,3132.6730146830487
2023-05-30,0.00013263491962,10.537108009215366,11.473303761548172,52.67826833327403,3111.2963302607595
2023-05-31,0.0001320034992123,10.528395511965872,11.504762738177156,52.19449454907647,3144.305902535705
2023-06-01,0.0001328832980843,10.695238277059396,11.60102349910366,52.66469216951538,3123.756009761921
2023-06-02,0.0001327216163292,10.728421786517702,11.668804716321242,52.42643563833229,3129.216490514389
2023-06-05,0.0001329706371522,10.844150972099204,11.746834133609918,52.73792624423961,3117.934076717748
2023-06-06,0.0001337808833519,10.876955006603875,11.820037874662487,53.24431516795234,3119.4774457412896
2023-06-07,0.0001311251983676,10.82032225403741,11.786202371634594,53.05182691099309,3095.704640229672
2023-06-08,0.0001308949946365,10.769058225151015,11.80661492352009,53.18034837015396,3081.272105003361
2023-06-09,0.0001323432238229,10.741165515688971,11.868402766510584,53.21025983614834,3106.7430061996283
2023-06-12,0.0001334258596697,10.78933109184765,11.801361704597376,53.304407682387385,3113.827285477452
2023-06-13,0.0001332313360694,10.791793781971856,11.84556176475743,53.30182338330345,3094.0967317248083
2023-06-14,0.0001340728306002,10.835034274500469,11.9639374991082,53.610555793710304,3114.3688281593872
2023-06-15,0.0001346347015924,10.84486211085266,12.010849070308332,54.13983253991244,3133.078710987025
2023-06-16,0.0001331089911252,10.872421305559056,12.059959803438652,54.32534557618308,3132.238808088735
2023-06-19,0.0001340220454054,10.88491334979368,12.070331286407868,54.54224577022196,3108.1005453000485
2023-06-20,0.0001346361541886,10.787412509955342,12.105517825876984,54.954637770092745,3101.6001423744847
2023-06-21,0.0001360283254154,10.718419941455634,12.370959510301237,55.12295075234173,3140.9221742911527
2023-06-22,0.0001359442118438,10.625287655985602,12.325123356834403,55.25354054439088,3116.158400909059
2023-06-23,0.000135230870254,10.544842620422356,12.215926802166756,55.21552090197767,3101.9470917465437
2023-06-26,0.0001355225622877,10.445202363178172,12.14053478079274,55.15376553792013,3104.617213641551
2023-06-27,0.0001404578662561,10.76634508440882,12.64416983503345,53.1539509049062,3245.74757164212
2023-06-28,0.0001401458723225,10.69643376556541,12.647479090216825,52.914094726552,3260.6895967351206
2023-06-29,0.0001410713670163,10.794074767933708,12.73717832276024,52.92363727116592,3248.695852743423
2023-06-30,0.0001407369555871,10.815258736500915,12.82000215170361,52.74991626522929,3240.5943280021684
2023-07-03,0.0001406210064614,10.864571338518203,12.848156445491624,52.74215662841853,3243.21042118488
2023-07-04,0.0001410487464756,10.893764941927952,12.875421926362312,52.88808459831154,3286.6347474547138
2023-07-05,0.0001415027201529,10.885742483846638,12.918184966193506,52.95101800035868,3277.9582105238464
2023-07-06,0.0001411248864117,10.778504698136729,12.835155780856311,53.12384051250656,3258.202373376268
2023-07-07,0.0001414561673291,10.807142132923792,12.75991352129994,53.18688747534029,3250.056882246421
2023-07-10,0.0001416429848577,10.839989071947247,12.749128690948996,53.15295799919792,3258.0905334305357
2023-07-11,0.0001420670637931,10.856115770336563,12.794367415267375,53.13125670100605,3267.2340199422656
2023-07-12,0.0001414067218687,10.833421906520543,12.877063054455377,52.77277619927367,3275.8476000189207
2023-07-13,0.0001410523917656,10.808855854273352,12.872985387078709,53.06522127809925,3276.1087038224623
2023-07-14,0.0001405656191416,10.821112436382377,12.802412708996536,53.18969385347246,3269.6788959666087
2023-07-17,0.0001413736451251,10.867241836776396,12.82413624048642,53.49672116443269,3268.0641711640374
2023-07-18,0.00014001677331,10.742995745390449,12.828514653881497,52.42619785358004,3251.005049033119
2023-07-19,0.0001394996529811,10.663490038781374,12.84387603226533,52.59250335071412,3237.307339582785
2023-07-20,0.000140423124911,10.717316928389142,12.903295481572698,52.532982138528176,3232.0433916779275
2023-07-21,0.000140723970946,10.752497098687812,12.868341111137966,52.59151596532559,3243.334723004083
2023-07-24,0.0001397672437766,10.69137279934084,12.691906338573208,52.29087338191875,3238.744098979771
2023-07-25,0.0001416135102603,10.788387604891888,12.816625143245412,52.27486081162644,3295.799325032858
2023-07-26,0.0001401793097337,10.737320266145504,12.838199460191342,52.23101640608417,3309.48485267673
2023-07-27,0.0001397359689539,10.818481607434956,12.916493026072526,51.90049464112988,3297.833957186025
2023-07-28,0.0001390685767608,10.792890906042055,12.942719066137656,51.5682966656121,3278.510527877857
2023-07-31,0.0001385826361955,10.85184000393284,12.91473953508537,51.549533697060994,3286.9169138632824
2023-08-01,0.0001383768892134,10.971423369550944,12.972782291803188,51.97559092795976,3306.473477015858
2023-08-02,0.0001380301593674,10.95723890418615,12.915885621724518,51.922990152887735,3297.350666093592
2023-08-03,0.0001407921473848,11.047452662455068,13.152274017774028,52.69232602541502,3320.7389764825925
2023-08-04,0.0001398588053915,10.953343253903824,12.958479353518692,52.65436469611532,3333.3101769078694
2023-08-07,0.0001389183242284,10.871400805600452,12.867191145063227,52.42212186661153,3321.1368027456533
2023-08-08,0.0001392662312572,11.044064483606622,13.108580493120405,52.26910006373343,3322.390195922409
2023-08-09,0.0001395628418676,11.018624844793674,13.059120686088864,52.154392138932046,3311.25699829561
2023-08-10,0.0001415952061405,11.130992705901832,13.053682883051184,52.44447036639218,3312.3081320854385
2023-08-11,0.0001425089275358,11.176247781142026,13.076120391394412,52.55588787154461,3318.520937856615
2023-08-14,0.0001426520544823,11.19331951138032,13.147984009339533,52.92741604378024,3308.9752708844394
2023-08-15,0.0001424049436472,11.15380382650513,13.034542480130934,53.84216709033842,3327.825750193235
2023-08-16,0.0001420101706822,11.1457147002503,13.050057071761316,53.89607630290404,3340.714449380244
2023-08-17,0.0001419759473748,11.09370086097456,12.90142954911592,53.53120867949551,3313.7740088856217
2023-08-18,0.000142146305793,11.02307142991552,12.941037477798636,53.50556545755422,3273.8697198221976
2023-08-21,0.0001417465252061,11.111303677334114,12.94195582306484,53.81617064506563,3266.305618956744
2023-08-22,0.0001420353734374,11.254075516266155,12.995556229380954,53.94032160566994,3285.002673667627
2023-08-23,0.0001424318591558,11.183847008851702,13.08426822337222,54.22976779342271,3313.5853219975006
2023-08-24,0.0001405716847856,11.124464618187549,12.967382213281793,54.5064149001729,3261.4794281396507
2023-08-25,0.0001389793831917,11.0573339936836,12.8679170224581,54.375323911632,3232.9879609563086
2023-08-28,0.0001382688380378,10.983925646776722,12.947531322819891,54.57846351862043,3248.369297111829
2023-08-29,0.0001374326355741,10.97766698771506,12.865432064886228,54.48050198006717,3233.382212451117
2023-08-30,0.0001399516702974,11.017846710477984,12.945411272703245,54.725928945487325,3255.712015539075
2023-08-31,0.0001405632523955,10.923132312614548,12.865610924699668,54.9940069667521,3267.2351181974327
2023-09-01,0.0001407111306899,11.086599367125997,12.955647072984071,54.95047532882533,3265.321874106422
2023-09-04,0.0001419610023924,11.06668891932408,13.00266338749045,54.60467603450572,3281.920790922724
2023-09-05,0.0001405485796883,11.00626803099088,12.99193460029154,54.914923298589656,3293.889727651833
2023-09-06,0.0001400471605141,11.076367077485974,12.8937309329755,55.19926091824622,3294.84238887302
2023-09-07,0.0001410848806632,11.098482581949344,12.995231674882673,55.41945053694889,3289.415043793694
